
{
  "difficultySettings": {
    "Tourist": {
      "corruptionMultiplier": 0.5,
      "healingMultiplier": 1.5,
      "resourceAbundance": 1.5,
      "zombieAggression": 0.7,
      "permadeath": false
    },
    "Survivor": {
      "corruptionMultiplier": 1.0,
      "healingMultiplier": 1.0,
      "resourceAbundance": 1.0,
      "zombieAggression": 1.0,
      "permadeath": true
    },
    "Nightmare": {
      "corruptionMultiplier": 1.5,
      "healingMultiplier": 0.5,
      "resourceAbundance": 0.5,
      "zombieAggression": 1.5,
      "permadeath": true
    }
  },
  "encounterTables": {
    "scavenging": [
      {"roll": "1-3", "result": "nothing", "description": "Empty containers"},
      {"roll": "4-8", "result": "basic_supplies", "description": "Bandages, water"},
      {"roll": "9-12", "result": "useful_item", "description": "Tools, medicine"},
      {"roll": "13-15", "result": "rare_find", "description": "Weapons, electronics"},
      {"roll": "16-18", "result": "zombie_encounter", "description": "1-2 zombies"},
      {"roll": "19-20", "result": "survivor_contact", "description": "NPC encounter"}
    ]
  },
  "corruptionThresholds": {
    "0-2": {"stage": "healthy", "effects": [], "symptoms": "none"},
    "3-5": {"stage": "infected", "effects": ["-5% efficiency"], "symptoms": "mild fever"},
    "6-8": {"stage": "deteriorating", "effects": ["-1 die penalty"], "symptoms": "visible shaking"},
    "9-11": {"stage": "critical", "effects": ["-2 dice penalty", "hallucinations"], "symptoms": "delirium"},
    "12-14": {"stage": "terminal", "effects": ["-3 dice penalty", "unreliable_memory"], "symptoms": "breakdown"},
    "15": {"stage": "turned", "effects": ["death"], "symptoms": "zombie_transformation"}
  }
}
