
{
  "$schema": "http://json-schema.org/draft-07/schema#",
  "title": "Yygdhra Game State Schema",
  "type": "object",
  "properties": {
    "gameState": {
      "type": "object",
      "properties": {
        "meta": {
          "type": "object",
          "properties": {
            "gameTitle": {"type": "string"},
            "version": {"type": "string"},
            "currentDay": {"type": "integer"},
            "currentTime": {"type": "string", "pattern": "^[0-2][0-9]:[0-5][0-9]$"},
            "weather": {"type": "string"},
            "location": {"type": "string"}
          },
          "required": ["gameTitle", "currentDay", "currentTime", "location"]
        },
        "players": {
          "type": "object",
          "patternProperties": {
            "^player[1-2]$": {
              "type": "object",
              "properties": {
                "vitals": {
                  "type": "object",
                  "properties": {
                    "hp": {
                      "type": "object",
                      "properties": {
                        "current": {"type": "integer", "minimum": 0},
                        "max": {"type": "integer", "minimum": 1}
                      }
                    },
                    "infection": {
                      "type": "object",
                      "properties": {
                        "corruptionPoints": {"type": "integer", "minimum": 0, "maximum": 15}
                      }
                    }
                  }
                }
              }
            }
          }
        }
      },
      "required": ["meta", "players"]
    }
  }
}
