
{
  "locationLoot": {
    "pharmacy": {
      "commonItems": [
        {"item": "bandages", "quantity": "1-3", "weight": 0.1, "rarity": 0.7},
        {"item": "painkillers", "quantity": "1-2", "weight": 0.1, "rarity": 0.5},
        {"item": "antiseptic", "quantity": 1, "weight": 0.2, "rarity": 0.4}
      ],
      "rareItems": [
        {"item": "antibiotics", "quantity": "1-2", "weight": 0.1, "rarity": 0.1},
        {"item": "surgical_kit", "quantity": 1, "weight": 1.0, "rarity": 0.05},
        {"item": "insulin", "quantity": "1-3", "weight": 0.1, "rarity": 0.03}
      ],
      "containers": [
        {"type": "medicine_cabinet", "capacity": 5, "locked": true},
        {"type": "cash_register", "capacity": 2, "locked": false},
        {"type": "storage_room", "capacity": 15, "locked": true}
      ]
    }
  }
}
