
{
  "visualRenderer": {
    "skins": {
      "Rich": {
        "statusRibbon": "Day {day} • {time} • {weather} • {location}",
        "emojiEnabled": true,
        "boxDrawing": true,
        "sparklines": true,
        "infectionBar": "[{filled}{empty}]",
        "riskIcons": {"1": "⚠️", "2": "⚠️⚠️", "3": "⚠️⚠️⚠️"}
      },
      "Minimal": {
        "statusRibbon": "Day {day} - {time} - {weather} - {location}",
        "emojiEnabled": false,
        "boxDrawing": false,
        "sparklines": false,
        "infectionBar": "[{filled}{empty}]",
        "riskIcons": {"1": "(RISK)", "2": "(RISK+)", "3": "(DANGER)"}
      }
    },
    "emojiSubstitutions": {
      "⚠️": "(RISK)",
      "🩸": "[BLEEDING]",
      "☣️": "[BIOHAZ]",
      "🎲": "ROLL",
      "🔔": "NOISE+",
      "🔕": "NOISE",
      "⌛": "TIME",
      "🧭": "NAV"
    },
    "layouts": {
      "singlePlayer": {
        "width": 78,
        "sections": ["ribbon", "statWindow", "scene", "alerts", "choices"]
      },
      "coOp": {
        "width": 78,
        "sections": ["ribbon", "player1Pane", "player2Pane", "teamPanel", "scene", "alerts", "choices"]
      }
    }
  }
}
