
{
  "sourceFile": "data/state_model.json",
  "gameState": {
    "meta": {
      "gameTitle": "Yygdhra: Shattered Earth",
      "version": "1.0.0",
      "currentDay": -2,
      "currentTime": "07:42",
      "weather": "Light rain",
      "location": "Dublin — Dorset St"
    },
    "players": {
      "player1": {
        "name": "",
        "vitals": {
          "hp": {"current": 60, "max": 60},
          "stamina": 100,
          "infection": {"percentage": 0, "corruptionPoints": 0, "max": 15}
        },
        "attributes": {"STR": 5, "END": 5, "AGI": 5, "INT": 5, "PER": 5},
        "skills": {"melee": 1, "firearms": 1, "medical": 1, "stealth": 1, "survival": 1, "mechanical": 1},
        "wounds": [],
        "inventory": {"keyItems": [], "weight": {"current": 0, "max": 30}},
        "signals": {"noise": 1, "heat": 1, "light": "Dim", "ground": "Wet"},
        "localSenses": []
      }
    },
    "world": {
      "factions": {
        "community": {"trust": 0, "population": 300, "resources": "moderate"},
        "traders": {"trust": 0, "population": 200, "resources": "high"},
        "militia": {"trust": 0, "population": 150, "resources": "weapons"},
        "outcasts": {"trust": 0, "population": 100, "resources": "scavenged"}
      },
      "threats": {"zombieActivity": 3, "raidRisk": 2, "weatherSeverity": 1}
    },
    "options": {
      "difficulty": "Survivor",
      "showRolls": false,
      "visualSkin": "Rich",
      "emoji": true,
      "compactHUD": false
    }
  }
}
