
{
  "scenes": [
    {
      "id": "tutorial_start",
      "sourceFile": "data/scenes/tutorial_start.json",
      "name": "Pre-Outbreak Morning",
      "day": -2,
      "time": "07:30",
      "location": "Dublin City Centre",
      "weather": "light_rain",
      "description": "The morning rain patters on O'Connell Street. Something feels wrong—too many ambulances, too few people. The radio crackles with reports of 'containment' at several hospitals.",
      "atmosphere": "tense",
      "connections": {
        "garda_station": {"eta": "5 min", "risk": 1},
        "hospital": {"eta": "15 min", "risk": 2},
        "investigation": {"eta": "10 min", "risk": 2}
      }
    },
    {
      "id": "city_center", 
      "sourceFile": "data/scenes/city_center.json",
      "name": "Dublin City Center",
      "description": "The heart of Dublin lies in ruins. Abandoned cars block O'Connell Street, and broken glass glitters in the rain. The GPO building stands like a monument to better times.",
      "connections": {
        "north": {"id": "dorset_st", "eta": "15 min", "risk": 2},
        "south": {"id": "trinity", "eta": "20 min", "risk": 3},
        "east": {"id": "docklands", "eta": "25 min", "risk": 2},
        "west": {"id": "temple_bar", "eta": "10 min", "risk": 1}
      },
      "encounters": [
        {"type": "zombie_patrol", "count": "2-4", "probability": 0.3},
        {"type": "survivor_trader", "probability": 0.1},
        {"type": "supply_cache", "probability": 0.15}
      ]
    }
  ]
}
