
{
  "menus": [
    {
      "sourceFile": "data/menus/main_menu.json",
      "main_menu": {
        "title": "Yygdhra: Shattered Earth",
        "subtitle": "Zombie Survival Horror • Dublin 2025",
        "options": [
          {"id": 1, "text": "New Game", "action": "start_character_creation"},
          {"id": 2, "text": "Co-op Game", "action": "start_coop_setup"},
          {"id": 3, "text": "Load Game", "action": "load_game", "enabled": false, "note": "Coming Soon"},
          {"id": 4, "text": "Options", "action": "show_options"},
          {"id": 5, "text": "Quit", "action": "quit_game"}
        ]
      },
      "options_menu": {
        "settings": [
          {"id": "difficulty", "name": "Difficulty", "options": ["Casual", "Survivor", "Hardcore"], "default": "Survivor"},
          {"id": "show_rolls", "name": "Show Rolls", "options": ["OFF", "ON"], "default": "OFF"},
          {"id": "visual_skin", "name": "Visual Skin", "options": ["Rich", "Minimal"], "default": "Rich"},
          {"id": "emoji", "name": "Emoji", "options": ["OFF", "ON"], "default": "ON"},
          {"id": "compact_hud", "name": "Compact HUD", "options": ["OFF", "ON"], "default": "OFF"}
        ]
      }
    }
  ]
}
