
{
  "entities": [
    {
      "sourceFile": "data/entities/zombies.json",
      "zombie_types": {
        "shambler": {
          "name": "Shambler",
          "hp": 15,
          "speed": "slow",
          "damage": "2-4",
          "infection_risk": "+4 CP on bite, +2 CP on scratch",
          "behavior": "Slow-moving, attracted to noise and movement. Recently turned.",
          "weaknesses": ["head trauma", "fire", "loud distractions"]
        },
        "runner": {
          "name": "Runner", 
          "hp": 12,
          "speed": "fast",
          "damage": "3-5",
          "infection_risk": "+5 CP on bite, +3 CP on scratch",
          "behavior": "Fast and aggressive. Retains some motor function.",
          "weaknesses": ["leg injuries slow them", "tire quickly"]
        },
        "lurker": {
          "name": "Lurker",
          "hp": 18,
          "speed": "variable",
          "damage": "4-6",
          "infection_risk": "+6 CP on bite, +4 CP on scratch",
          "behavior": "Intelligent hunter. Uses ambush tactics.",
          "weaknesses": ["bright lights disorient", "relies on stealth"]
        }
      },
      "npc_archetypes": {
        "survivor_trader": {
          "name": "Trader",
          "loyalty_base": 30,
          "skills": {"survival": 4, "mechanical": 3, "social": 5},
          "inventory": ["basic_supplies", "repair_tools", "information"],
          "behavior": "Pragmatic, willing to trade but suspicious of strangers"
        },
        "scared_civilian": {
          "name": "Civilian",
          "loyalty_base": 50,
          "skills": {"survival": 1, "medical": 1, "social": 2},
          "inventory": ["personal_items", "limited_food"],
          "behavior": "Desperate for protection, high maintenance but grateful"
        }
      }
    }
  ]
}
