
{
  "balance_data": [
    {
      "sourceFile": "data/balance/difficulty_tables.json",
      "difficulty_scaling": {
        "casual": {"damage_multiplier": 0.7, "infection_rate": 0.8, "resource_scarcity": 0.6},
        "survivor": {"damage_multiplier": 1.0, "infection_rate": 1.0, "resource_scarcity": 1.0},
        "hardcore": {"damage_multiplier": 1.3, "infection_rate": 1.2, "resource_scarcity": 1.4}
      },
      "dice_targets": {
        "trivial": 5,
        "easy": 8, 
        "moderate": 12,
        "hard": 15,
        "extreme": 18,
        "impossible": 20
      },
      "combat_balance": {
        "fresh_civilian_vs_2_zombies": {
          "survival_chance": "30%",
          "injury_chance": "85%",
          "infection_risk": "high"
        },
        "trained_fighter_vs_2_zombies": {
          "survival_chance": "70%",
          "injury_chance": "45%", 
          "infection_risk": "moderate"
        }
      }
    }
  ]
}
