
{
  "events_data": [
    {
      "sourceFile": "data/events/world_evolution.json", 
      "timeline_events": [
        {
          "day": -2,
          "name": "First Reports",
          "description": "Strange illness reports from hospital. Government downplays concerns.",
          "effects": {"zombie_density": 0.01, "military_presence": 0.9}
        },
        {
          "day": 0,
          "name": "The Outbreak", 
          "description": "Containment fails. Chaos spreads through Dublin.",
          "effects": {"zombie_density": 0.2, "military_presence": 0.3}
        }
      ],
      "random_events": [
        {
          "name": "Horde Migration",
          "probability": 0.1,
          "effects": {"area_zombie_density": "+50%", "duration": "3 days"}
        },
        {
          "name": "Supply Drop",
          "probability": 0.05,
          "effects": {"spawn_loot_cache": true}
        }
      ]
    }
  ]
}
