
{
  "loot_data": [
    {
      "sourceFile": "data/loot/pharmacy_loot.json",
      "loot_tables": {
        "pharmacy": {
          "common": [
            {"item": "bandages", "quantity": "2-5", "weight": 0.5},
            {"item": "painkillers", "quantity": "1-3", "weight": 0.2},
            {"item": "antiseptic", "quantity": "1-2", "weight": 0.3}
          ],
          "uncommon": [
            {"item": "antibiotics", "quantity": "1", "weight": 0.2},
            {"item": "medical_kit", "quantity": "1", "weight": 1.0}
          ],
          "rare": [
            {"item": "surgical_supplies", "quantity": "1", "weight": 0.5},
            {"item": "experimental_antiviral", "quantity": "1", "weight": 0.1}
          ]
        },
        "urban_scavenge": {
          "common": [
            {"item": "canned_food", "quantity": "1-2", "weight": 0.4},
            {"item": "water_bottle", "quantity": "1", "weight": 1.0},
            {"item": "batteries", "quantity": "2-4", "weight": 0.1}
          ]
        }
      }
    }
  ]
}
