
{
  "schemas": [
    {
      "sourceFile": "schemas/game_state_schema.json",
      "game_state_schema": {
        "type": "object",
        "required": ["players", "world_state", "game_time"],
        "properties": {
          "players": {
            "type": "array",
            "items": {
              "type": "object",
              "required": ["name", "hp", "stamina", "infection"],
              "properties": {
                "name": {"type": "string"},
                "hp": {"type": "object", "properties": {"current": {"type": "integer"}, "max": {"type": "integer"}}},
                "stamina": {"type": "integer", "minimum": 0, "maximum": 100},
                "infection": {"type": "object", "properties": {"cp": {"type": "integer", "minimum": 0, "maximum": 15}, "percent": {"type": "integer", "minimum": 0, "maximum": 100}}}
              }
            }
          },
          "world_state": {
            "type": "object",
            "required": ["day", "time", "weather", "location"],
            "properties": {
              "day": {"type": "integer"},
              "time": {"type": "string", "pattern": "^([01]?[0-9]|2[0-3]):[0-5][0-9]$"},
              "weather": {"type": "string", "enum": ["clear", "light_rain", "heavy_rain", "fog", "overcast"]},
              "location": {"type": "string"}
            }
          }
        }
      }
    }
  ]
}
