
{
  "timeline_events": [
    {
      "day": -2,
      "name": "First Reports",
      "description": "Strange illness reports from hospital. Government downplays concerns.",
      "global_effects": {
        "zombie_density": 0.01,
        "military_presence": 0.9,
        "supply_availability": 1.0
      }
    },
    {
      "day": -1,
      "name": "Hospital Quarantine",
      "description": "Several Dublin hospitals under quarantine. Military cordons appearing.",
      "global_effects": {
        "zombie_density": 0.05,
        "military_presence": 0.7,
        "supply_availability": 0.8
      }
    },
    {
      "day": 0,
      "name": "The Outbreak",
      "description": "Containment fails. Chaos spreads through Dublin as the infected rise.",
      "global_effects": {
        "zombie_density": 0.2,
        "military_presence": 0.3,
        "supply_availability": 0.5
      }
    },
    {
      "day": 3,
      "name": "Military Withdrawal",
      "description": "Organized military resistance collapses. Survivors on their own.",
      "global_effects": {
        "zombie_density": 0.4,
        "military_presence": 0.1,
        "supply_availability": 0.3
      }
    },
    {
      "day": 7,
      "name": "Faction Formation",
      "description": "Survivor groups begin forming territories and trade networks.",
      "global_effects": {
        "zombie_density": 0.6,
        "faction_activity": 0.4,
        "supply_availability": 0.2
      }
    }
  ],
  "random_events": [
    {
      "name": "Horde Migration",
      "probability": 0.1,
      "min_day": 1,
      "effects": {
        "area_zombie_density": "+50%",
        "duration": "3 days"
      }
    },
    {
      "name": "Supply Drop",
      "probability": 0.05,
      "min_day": 2,
      "effects": {
        "spawn_loot_cache": true,
        "notify_radius": "2km"
      }
    },
    {
      "name": "Survivor Radio",
      "probability": 0.15,
      "min_day": 1,
      "effects": {
        "intel_mission": true,
        "expiration": "24 hours"
      }
    }
  ]
}
