
{
  "id": "city_center",
  "name": "Dublin City Center",
  "description": "The heart of Dublin lies in ruins. Abandoned cars block O'Connell Street, and broken glass glitters in the rain. The GPO building stands like a monument to better times.",
  "connections": {
    "north": {"id": "dorset_st", "eta": "15 min", "risk": 2, "description": "Toward the pharmacy district"},
    "south": {"id": "trinity", "eta": "20 min", "risk": 3, "description": "Trinity College area"},
    "east": {"id": "docklands", "eta": "25 min", "risk": 2, "description": "Grand Canal Docks"},
    "west": {"id": "temple_bar", "eta": "10 min", "risk": 1, "description": "Temple Bar (tourist quarter)"}
  },
  "encounters": [
    {"type": "zombie_patrol", "count": "2-4", "probability": 0.3},
    {"type": "survivor_trader", "probability": 0.1},
    {"type": "supply_cache", "probability": 0.15}
  ],
  "loot_table": "urban_scavenge",
  "weather_modifier": 1.2,
  "noise_level": "moderate"
}
