
{
  "sceneId": "tutorial_start",
  "title": "The Outbreak - Day -2",
  "description": "The rain ticks on the pharmacy sign. Through the cracked door you glimpse two shamblers drifting between shelves. A bin clatters down the lane; the sound carries, then dies.",
  "location": "Dublin — Dorset St Pharmacy",
  "threats": ["zombie_shambler", "zombie_shambler"],
  "choices": [
    {
      "id": 1,
      "text": "Front entry — kick the door",
      "eta": "2 min",
      "risk": 3,
      "riskIcon": "⚠️⚠️⚠️",
      "consequences": ["noise_alert", "combat_likely"],
      "requirements": []
    },
    {
      "id": 2,
      "text": "Alley entrance — slower, quieter",
      "eta": "6 min",
      "risk": 1,
      "riskIcon": "⚠️",
      "consequences": ["stealth_check"],
      "requirements": []
    },
    {
      "id": 3,
      "text": "Back to flats — regroup",
      "eta": "4 min",
      "risk": 1,
      "riskIcon": "⚠️",
      "consequences": ["safe_retreat"],
      "requirements": []
    },
    {
      "id": 4,
      "text": "Custom Action",
      "custom": true
    }
  ],
  "environmentalFactors": {
    "weather": "rain",
    "visibility": "poor",
    "noise": "masked"
  }
}
