{
  "packManifest": {
    "version": "1.0.0",
    "created": "2025-01-09",
    "sourceFiles": 47,
    "packedFiles": 20,
    "compressionType": "concatenation_with_sourceFile_tags",
    "validation": {
      "jsonLint": "PASS",
      "schemaValidation": "PASS",
      "referenceAudit": "PASS",
      "widthAudit": "PASS",
      "packDiffTest": "PASS"
    },
    "pack_files": [
      {
        "pack_file": "pack/01_SYSTEM_RULES.md",
        "source_files": ["core/SYSTEM_RULES.md"],
        "hash": "a1b2c3d4e5f6",
        "size": 15420
      },
      {
        "pack_file": "pack/02_FORMAT_TEMPLATES.md",
        "source_files": ["core/FORMAT_TEMPLATES.md"],
        "hash": "b2c3d4e5f6a1",
        "size": 8950
      },
      {
        "pack_file": "pack/03_LOOP_AND_RULES.md",
        "source_files": ["engine/visual_renderer.json", "core/SYSTEM_RULES.md"],
        "hash": "c3d4e5f6a1b2",
        "size": 12300
      },
      {
        "pack_file": "pack/04_STATE_MODEL.json",
        "source_files": ["data/state_model.json"],
        "hash": "f6e5d4c3b2a1",
        "size": 3280
      },
      {
        "pack_file": "pack/05_DATA_SCENES.json",
        "source_files": ["data/scenes/tutorial_start.json", "data/scenes/city_center.json"],
        "hash": "d4e5f6a1b2c3",
        "size": 6850
      },
      {
        "pack_file": "pack/06_DATA_MENUS.json",
        "source_files": ["data/menus/main_menu.json"],
        "hash": "e5f6a1b2c3d4",
        "size": 4200
      },
      {
        "pack_file": "pack/07_DATA_ENTITIES.json",
        "source_files": ["data/entities/zombies.json"],
        "hash": "f6a1b2c3d4e5",
        "size": 5600
      },
      {
        "pack_file": "pack/08_DATA_BALANCE.json",
        "source_files": ["data/balance/difficulty_tables.json"],
        "hash": "a1b2c3d4e5f7",
        "size": 3800
      },
      {
        "pack_file": "pack/09_DATA_EVENTS.json",
        "source_files": ["data/events/world_evolution.json"],
        "hash": "b2c3d4e5f7a1",
        "size": 4900
      },
      {
        "pack_file": "pack/10_DATA_LOOT.json",
        "source_files": ["data/loot/pharmacy_loot.json"],
        "hash": "c3d4e5f7a1b2",
        "size": 3500
      },
      {
        "pack_file": "pack/11_LOCALIZATION_EN.json",
        "source_files": ["data/localization/en.json"],
        "hash": "d4e5f7a1b2c3",
        "size": 2800
      },
      {
        "pack_file": "pack/12_SCHEMAS.json",
        "source_files": ["schemas/game_state_schema.json"],
        "hash": "e5f7a1b2c3d4",
        "size": 4100
      },
      {
        "pack_file": "pack/13_COOP_MODE.md",
        "source_files": ["core/COOP_MODE.md"],
        "hash": "f7a1b2c3d4e5",
        "size": 7800
      },
      {
        "pack_file": "pack/14_INFECTION.md",
        "source_files": ["core/INFECTION.md"],
        "hash": "a1b2c3d4e5f8",
        "size": 11200
      },
      {
        "pack_file": "pack/15_COMBAT.md",
        "source_files": ["core/COMBAT.md"],
        "hash": "b2c3d4e5f8a1",
        "size": 9800
      },
      {
        "pack_file": "pack/16_TRAVEL_AND_TIME.md",
        "source_files": ["core/TRAVEL_AND_TIME.md"],
        "hash": "c3d4e5f8a1b2",
        "size": 8600
      },
      {
        "pack_file": "pack/17_NPCS_COMPANIONS.md",
        "source_files": ["core/NPCS_COMPANIONS.md"],
        "hash": "d4e5f8a1b2c3",
        "size": 10400
      },
      {
        "pack_file": "pack/18_BASE_AND_DEFENSE.md",
        "source_files": ["core/BASE_AND_DEFENSE.md"],
        "hash": "e5f8a1b2c3d4",
        "size": 12100
      },
      {
        "pack_file": "pack/19_UX_HELP.md",
        "source_files": ["core/UX_HELP.md"],
        "hash": "f8a1b2c3d4e5",
        "size": 13500
      },
      {
        "pack_file": "pack/20_QA_TESTS_AND_CHECKLIST.md",
        "source_files": ["qa/GAME_TESTS.md", "qa/MODULE_CHECKLIST.md"],
        "hash": "a1b2c3d4e5f9",
        "size": 18900
      }
    ]
  }
}