
{
  "ui": {
    "loading": "Loading Yygdhra: Shattered Earth...",
    "day_format": "Day {day}",
    "time_format": "{hour}:{minute:02d}",
    "weather": {
      "clear": "Clear",
      "light_rain": "Light rain",
      "heavy_rain": "Heavy rain",
      "fog": "Fog",
      "overcast": "Overcast"
    },
    "risk_levels": {
      "0": "Safe",
      "1": "⚠️ Low risk",
      "2": "⚠️⚠️ Moderate risk", 
      "3": "⚠️⚠️⚠️ High risk",
      "4": "⚠️⚠️⚠️⚠️ Extreme risk"
    },
    "eta_format": "ETA {time}",
    "hp_format": "HP {current}/{max}",
    "infection_format": "Infection {percent}%"
  },
  "game_text": {
    "character_death": "You have died. Your story ends here.",
    "infection_death": "The infection claims you. You turn.",
    "game_over": "GAME OVER",
    "restart_prompt": "Would you like to start a new game?",
    "reality_check": "Reality Check Failed - that action is not possible.",
    "insufficient_resources": "You lack the necessary resources for that action.",
    "custom_action_prompt": "Describe what you want to do:"
  },
  "status_effects": {
    "healthy": "Healthy",
    "infected": "Infected",
    "bleeding": "Bleeding", 
    "exhausted": "Exhausted",
    "panicked": "Panicked",
    "flow_state": "Flow State"
  }
}
