
{
  "zombieTypes": [
    {
      "id": "zombie_shambler",
      "name": "Shambler",
      "tier": 1,
      "description": "Fresh infected, slow and clumsy",
      "stats": {
        "hp": 10,
        "speed": "slow",
        "intelligence": "none",
        "threat": "low"
      },
      "behavior": {
        "aggression": 2,
        "grouping": true,
        "noiseAttraction": 3,
        "tactics": "none"
      },
      "weaknesses": ["headshots", "fire", "dismemberment"],
      "abilities": ["bite", "grab", "shamble"],
      "corruptionRisk": {
        "bite": 5,
        "scratch": 2,
        "bloodContact": 1
      }
    },
    {
      "id": "zombie_runner",
      "name": "Runner",
      "tier": 2,
      "description": "Fast infected with heightened aggression",
      "stats": {
        "hp": 8,
        "speed": "fast",
        "intelligence": "minimal",
        "threat": "moderate"
      },
      "behavior": {
        "aggression": 4,
        "grouping": false,
        "noiseAttraction": 4,
        "tactics": "ambush"
      },
      "weaknesses": ["headshots", "traps"],
      "abilities": ["pounce", "sprint", "climb"],
      "corruptionRisk": {
        "bite": 6,
        "scratch": 3,
        "bloodContact": 2
      }
    }
  ]
}
